insert into banco values("B001","Banco AA");
insert into banco values("B002","Banco BB");
insert into banco values("B003","Banco CC");
insert into banco values("B004","Banco DD");
insert into banco values("B005","Banco EE");
insert into banco values("B006","Banco FF");
insert into banco values("B007","Banco GG");
insert into banco values("B008","Banco HH");
insert into banco values("B009","Banco II");
insert into banco values("B010","Banco JJ");
insert into banco values("B011","Banco KK");
insert into banco values("B012","Banco LL");
insert into banco values("B013","Banco MM");
insert into banco values("B014","Banco NN");
insert into banco values("B015","Banco OO");
insert into banco values("B016","Banco PP");
insert into banco values("B017","Banco QQ");
insert into banco values("B018","Banco RR");
insert into banco values("B019","Banco SS");
insert into banco values("B020","Banco TT");
insert into banco values("B021","Banco UU");
insert into banco values("B022","Banco VV");
insert into banco values("B023","Banco WW");
insert into banco values("B024","Banco XX");
insert into banco values("B025","Banco YY");
insert into banco values("B026","Banco ZZ");
insert into banco values("B027","Banco AB");
insert into banco values("B028","Banco AC");
insert into banco values("B029","Banco AD");
insert into banco values("B030","Banco AE");
insert into banco values("B031","Banco AE");
insert into banco values("B032","Banco AG");
insert into banco values("B033","Banco AH");
insert into banco values("B034","Banco AI");
insert into banco values("B035","Banco AJ");
insert into banco values("B036","Banco AK");
insert into banco values("B037","Banco AL");
insert into banco values("B038","Banco AM");
insert into banco values("B039","Banco AN");
insert into banco values("B040","Banco AO");

insert into cuenta values("1234560","corriente","b001");
insert into cuenta values("1234561","corriente","b020");
insert into cuenta values("1234562","corriente","b040");
insert into cuenta values("1234563","corriente","b015");
insert into cuenta values("1234564","corriente","b001");
insert into cuenta values("1234565","corriente","b023");
insert into cuenta values("1234566","corriente","b002");
insert into cuenta values("1234567","corriente","b005");
insert into cuenta values("1234568","corriente","b004");
insert into cuenta values("1234569","corriente","b003");
insert into cuenta values("1234570","corriente","b020");
insert into cuenta values("1234571","corriente","b001");
insert into cuenta values("1234572","corriente","b002");
insert into cuenta values("1234573","corriente","b012");
insert into cuenta values("1234574","corriente","b013");
insert into cuenta values("1234575","corriente","b020");
insert into cuenta values("1234576","corriente","b020");
insert into cuenta values("1234577","corriente","b001");
insert into cuenta values("1234578","corriente","b002");
insert into cuenta values("1234579","corriente","b003");
insert into cuenta values("1234580","corriente","b002");
insert into cuenta values("1234581","corriente","b003");
insert into cuenta values("1234582","corriente","b002");
insert into cuenta values("1234583","corriente","b020");
insert into cuenta values("1234584","corriente","b030");
insert into cuenta values("1234585","corriente","b031");
insert into cuenta values("1234586","corriente","b035");
insert into cuenta values("1234587","corriente","b033");
insert into cuenta values("1234588","corriente","b034");
insert into cuenta values("1234589","corriente","b036");
insert into cuenta values("1234590","corriente","b033");
insert into cuenta values("1234591","corriente","b032");
insert into cuenta values("1234592","corriente","b031");
insert into cuenta values("1234593","corriente","b030");
insert into cuenta values("1234594","corriente","b020");
insert into cuenta values("1234595","corriente","b001");
insert into cuenta values("1234596","corriente","b001");
insert into cuenta values("1234597","corriente","b002");
insert into cuenta values("1234598","corriente","b001");
insert into cuenta values("1234599","corriente","b003");

insert into usuario values("1000","1234560","Aarón","112233445","fd@hotmail.com",68);
insert into usuario values("1001","1234561","Abdul","112233445","fdsf@hotmail.com",22);
insert into usuario values("1002","1234562","Abel","112233445", "fds@hotmail.com", 15);
insert into usuario values("1003","1234563","Abelardo","112233445", "gfh@hotmail.com", 20);
insert into usuario values("1004","1234564","Andrés","112233445", "gfg@hotmail.com", 36);
insert into usuario values("1005","1234565","Antony","112233445", "sadsda@hotmail.com",40);
insert into usuario values("1006","1234566","Antonio","112233445", "dfgf@hotmail.com",40);
insert into usuario values("1007","1234567","Armando","112233445", "bvb@hotmail.com", 19);
insert into usuario values("1008","1234568","Augusto","112233445", "fdsf@hotmail.com", 28);
insert into usuario values("1009","1234569","Aurelio","112233445", "sdf@hotmail.com", 19);
insert into usuario values("1010","1234570","Aarón","112233445","htrh@hotmail.com",28);
insert into usuario values("1011","1234571","Abdul","112233445","dfg@hotmail.com",38);
insert into usuario values("1012","1234572","Abel","112233445", "fdggfd@hotmail.com", 68);
insert into usuario values("1013","1234573","Abelardo","112233445", "gdfg@hotmail.com", 68);
insert into usuario values("1014","1234574","Andrés","112233445", "sdfs@hotmail.com", 68);
insert into usuario values("1015","1234575","Angel","112233445", "sfdf@hotmail.com", 68);
insert into usuario values("1016","1234576","Antonio","112233445", "fsdf@hotmail.com", 68);
insert into usuario values("1017","1234577","Armando","112233445", "vcb@hotmail.com", 68);
insert into usuario values("1018","1234578","Augusto","112233445", "ewrwef@hotmail.com", 68);
insert into usuario values("1019","1234579","Aurelio","112233445", "fsdf@hotmail.com", 68);
insert into usuario values("1020","1234580","Aarón","112233445","fsdf@hotmail.com",68);
insert into usuario values("1021","1234581","Abdul","112233445","fdsdff@hotmail.com",68);
insert into usuario values("1022","1234582","Abel","112233445", "fsdf@hotmail.com", 68);
insert into usuario values("1023","1234583","Abelardo","112233445", "fsdfsd@hotmail.com", 68);
insert into usuario values("1024","1234584","Andrés","112233445", "fsdf@hotmail.com", 68);
insert into usuario values("1025","1234585","Angel","112233445", "bb@hotmail.com", 68);
insert into usuario values("1026","1234586","Antonio","112233445", "ncn@hotmail.com", 68);
insert into usuario values("1027","1234587","Armando","112233445", "nhhng@hotmail.com", 68);
insert into usuario values("1028","1234588","Augusto","112233445", "fsdff@hotmail.com", 68);
insert into usuario values("1029","1234589","Aurelio","112233445", "wqewqe@hotmail.com", 68);
insert into usuario values("1030","1234590","Aarón","112233445","dfgf@hotmail.com",68);
insert into usuario values("1031","1234591","Abdul","112233445","fgd@hotmail.com",68);
insert into usuario values("1032","1234592","Abel","112233445", "gfgd@hotmail.com", 68);
insert into usuario values("1033","1234593","Abelardo","112233445", "sdfgfb@hotmail.com", 68);
insert into usuario values("1034","1234594","Andrés","112233445", "sdff@hotmail.com", 68);
insert into usuario values("1035","1234595","Angel","112233445", "sdfd@hotmail.com", 68);
insert into usuario values("1036","1234596","Antonio","112233445", "dsfsdf@hotmail.com", 68);
insert into usuario values("1037","1234597","Armando","112233445", "fdgdfg@hotmail.com", 68);
insert into usuario values("1038","1234598","Augusto","112233445", "fdg@hotmail.com", 68);
insert into usuario values("1039","1234599","Aurelio","112233445", "gfdg@hotmail.com", 68);

insert into deuda values("D001","1000",200.00,18,12,"Banco");
insert into deuda values("D002","1001",250.00,20,2,"PrestamoPersonal");
insert into deuda values("D003","1002",300.00,0,1,"PrestamoPersonal");
insert into deuda values("D004","1003",400.00,18,24,"Banco");
insert into deuda values("D005","1004",450.00,18,36,"Banco");
insert into deuda values("D006","1004",515.00,30,3,"PrestamoPersonal");
insert into deuda values("D007","1012",580.00,0,1,"PrestamoPersonal");
insert into deuda values("D008","1013",645.00,18,12,"Banco");
insert into deuda values("D009","1014",710.00,120,1,"PrestamoPersonal");
insert into deuda values("D010","1010",775.00,18,12,"Banco");
insert into deuda values("D011","1015",840.00,18,24,"Banco");
insert into deuda values("D012","1020",905.00,18,36,"Banco");
insert into deuda values("D013","1021",970.00,18,24,"Banco");
insert into deuda values("D014","1023",1035.00,0,1,"PrestamoPersonal");
insert into deuda values("D015","1001",1100.00,18,12,"Banco");
insert into deuda values("D016","1002",1165.00,0,1,"PrestamoPersonal");
insert into deuda values("D017","1003",1230.00,18,12,"Banco");
insert into deuda values("D018","1004",1295.00,0,1,"PrestamoPersonal");
insert into deuda values("D019","1004",1360.00,0,1,"PrestamoPersonal");
insert into deuda values("D020","1006",1425.00,18,12,"Banco");
insert into deuda values("D021","1030",200.00,18,12,"Banco");
insert into deuda values("D022","1031",250.00,20,2,"PrestamoPersonal");
insert into deuda values("D023","1032",300.00,0,1,"PrestamoPersonal");
insert into deuda values("D024","1033",400.00,18,24,"Banco");
insert into deuda values("D025","1034",450.00,18,36,"Banco");
insert into deuda values("D026","1035",515.00,30,3,"PrestamoPersonal");
insert into deuda values("D027","1036",580.00,0,1,"PrestamoPersonal");
insert into deuda values("D028","1001",645.00,18,12,"Banco");
insert into deuda values("D029","1002",710.00,120,1,"PrestamoPersonal");
insert into deuda values("D030","1003",775.00,18,12,"Banco");
insert into deuda values("D031","1004",840.00,18,24,"Banco");
insert into deuda values("D032","1011",905.00,18,36,"Banco");
insert into deuda values("D033","1012",970.00,18,24,"Banco");
insert into deuda values("D034","1013",1035.00,0,1,"PrestamoPersonal");
insert into deuda values("D035","1017",1100.00,18,12,"Banco");
insert into deuda values("D036","1018",1165.00,0,1,"PrestamoPersonal");
insert into deuda values("D037","1019",1230.00,18,12,"Banco");
insert into deuda values("D038","1020",1295.00,0,1,"PrestamoPersonal");
insert into deuda values("D039","1001",1360.00,0,1,"PrestamoPersonal");
insert into deuda values("D040","1025",1425.00,18,12,"Banco");

insert into presupuesto values("P001","1000",200.00,"Mensual","Banco");
insert into presupuesto values("P002","1001",250.00,"Mensual","PrestamoPersonal");
insert into presupuesto values("P003","1002",300.00,"Anual","PrestamoPersonal");
insert into presupuesto values("P004","1003",400.00,"Mensual","Banco");
insert into presupuesto values("P005","1004",450.00,"Anual","Banco");
insert into presupuesto values("P006","1004",515.00,"Anual","PrestamoPersonal");
insert into presupuesto values("P007","1012",580.00,"Mensual","PrestamoPersonal");
insert into presupuesto values("P008","1013",645.00,"Anual","Banco");
insert into presupuesto values("P009","1014",710.00,"Mensual","PrestamoPersonal");
insert into presupuesto values("P010","1010",775.00,"Mensual","Banco");
insert into presupuesto values("P011","1015",840.00,"Mensual","Banco");
insert into presupuesto values("P012","1020",905.00,"Anual","Banco");
insert into presupuesto values("P013","1021",970.00,"Mensual","Banco");
insert into presupuesto values("P014","1023",1035.00,"Anual","PrestamoPersonal");
insert into presupuesto values("P015","1001",1100.00,"Anual","Banco");
insert into presupuesto values("P016","1002",1165.00,"Mensual","PrestamoPersonal");
insert into presupuesto values("P018","1004",1295.00,"Mensual","PrestamoPersonal");
insert into presupuesto values("P019","1005",1360.00,"Mensual","PrestamoPersonal");
insert into presupuesto values("P020","1006",1425.00,"Mensual","Banco");
insert into presupuesto values("P021","1030",200.00,"Mensual","Banco");
insert into presupuesto values("P022","1031",250.00,"Mensual","PrestamoPersonal");
insert into presupuesto values("P023","1032",300.00,"Anual","PrestamoPersonal");
insert into presupuesto values("P024","1033",400.00,"Anual","Banco");
insert into presupuesto values("P025","1034",450.00,"Anual","Banco");
insert into presupuesto values("P026","1035",515.00,"Mensual","PrestamoPersonal");
insert into presupuesto values("P027","1036",580.00,"Mensual","PrestamoPersonal");
insert into presupuesto values("P028","1001",645.00,"Mensual","Banco");
insert into presupuesto values("P029","1002",710.00,"Mensual","PrestamoPersonal");
insert into presupuesto values("P030","1003",775.00,"Mensual","Banco");
insert into presupuesto values("P031","1004",840.00,"Anual","Banco");
insert into presupuesto values("P032","1011",905.00,"Anual","Banco");
insert into presupuesto values("P033","1012",970.00,"Anual","Banco");
insert into presupuesto values("P034","1013",1035.00,"Anual","PrestamoPersonal");
insert into presupuesto values("P035","1017",1100.00,"Mensual","Banco");
insert into presupuesto values("P036","1018",1165.00,"Mensual","PrestamoPersonal");
insert into presupuesto values("P038","1020",1295.00,"Mensual","PrestamoPersonal");
insert into presupuesto values("P039","1001",1360.00,"Mensual","PrestamoPersonal");
insert into presupuesto values("P040","1025",1425.00,"Mensual","Banco");

insert into respaldo values("RESP001","1000",1234560,"2021-01-01","2021-12-31","Nube");
insert into respaldo values("RESP002","1001",1234561,"2021-01-01","2021-12-31","Local");
insert into respaldo values("RESP003","1002",1234562,"2021-01-01","2021-12-31","Local");
insert into respaldo values("RESP004","1003",1234563,"2021-01-01","2021-12-31","Nube");
insert into respaldo values("RESP005","1004",1234564,"2021-01-01","2021-12-31","Local");
insert into respaldo values("RESP007","1006",1234566,"2021-01-01","2021-12-31","Nube");
insert into respaldo values("RESP008","1007",1234567,"2021-01-01","2021-12-31","Local");
insert into respaldo values("RESP009","1008",1234568,"2021-01-01","2021-12-31","Local");
insert into respaldo values("RESP010","1009",1234569,"2021-01-01","2021-12-31","Nube");
insert into respaldo values("RESP011","1010",1234570,"2021-01-01","2021-12-31","Local");
insert into respaldo values("RESP012","1011",1234571,"2021-01-01","2021-12-31","Nube");
insert into respaldo values("RESP013","1012",1234572,"2021-01-01","2021-12-31","Local");
insert into respaldo values("RESP014","1013",1234573,"2021-01-01","2021-12-31","Nube");
insert into respaldo values("RESP015","1014",1234574,"2021-01-01","2021-12-31","Nube");
insert into respaldo values("RESP016","1015",1234575,"2021-01-01","2021-12-31","Nube");
insert into respaldo values("RESP017","1016",1234576,"2021-01-01","2021-12-31","Local");
insert into respaldo values("RESP018","1017",1234577,"2021-01-01","2021-12-31","Nube");
insert into respaldo values("RESP019","1018",1234578,"2021-01-01","2021-12-31","Local");
insert into respaldo values("RESP020","1019",1234579,"2021-01-01","2021-12-31","Nube");
insert into respaldo values("RESP021","1000",1234560,"2021-01-01","2021-12-31","Nube");
insert into respaldo values("RESP022","1001",1234561,"2021-01-01","2021-12-31","Local");
insert into respaldo values("RESP023","1002",1234562,"2021-01-01","2021-12-31","Local");
insert into respaldo values("RESP024","1003",1234563,"2021-01-01","2021-12-31","Nube");
insert into respaldo values("RESP025","1004",1234564,"2021-01-01","2021-12-31","Local");
insert into respaldo values("RESP026","1005",1234565,"2021-01-01","2021-12-31","Local");
insert into respaldo values("RESP027","1006",1234566,"2021-01-01","2021-12-31","Nube");
insert into respaldo values("RESP028","1007",1234567,"2021-01-01","2021-12-31","Local");
insert into respaldo values("RESP029","1008",1234568,"2021-01-01","2021-12-31","Local");
insert into respaldo values("RESP030","1009",1234569,"2021-01-01","2021-12-31","Nube");
insert into respaldo values("RESP031","1010",1234570,"2021-01-01","2021-12-31","Local");
insert into respaldo values("RESP032","1011",1234571,"2021-01-01","2021-12-31","Nube");
insert into respaldo values("RESP033","1012",1234572,"2021-01-01","2021-12-31","Local");
insert into respaldo values("RESP034","1013",1234573,"2021-01-01","2021-12-31","Nube");
insert into respaldo values("RESP035","1014",1234574,"2021-01-01","2021-12-31","Nube");
insert into respaldo values("RESP036","1015",1234575,"2021-01-01","2021-12-31","Nube");
insert into respaldo values("RESP037","1016",1234576,"2021-01-01","2021-12-31","Local");
insert into respaldo values("RESP038","1017",1234577,"2021-01-01","2021-12-31","Nube");
insert into respaldo values("RESP039","1018",1234578,"2021-01-01","2021-12-31","Local");
insert into respaldo values("RESP040","1019",1234579,"2021-01-01","2021-12-31","Nube");

insert into ingreso values("I001","1039",100.00,"2021-01-05","11:45","Trabajo 1","Trabajo");
insert into ingreso values("I002","1002",200.00,"2021-01-25","12:45","trabajo 2","Trabajo");
insert into ingreso values("I003","1003",300.00,"2021-01-12","13:45","Bitcoin","Inversiones");
insert into ingreso values("I005","1001",500.00,"2021-01-15","15:45","Bodega","Inversiones");
insert into ingreso values("I006","1025",600.00,"2021-01-24","10:30","Trabajo 1","Trabajo");
insert into ingreso values("I007","1003",700.00,"2021-01-17","11:30","Trabajo 1","Trabajo");
insert into ingreso values("I008","1010",800.00,"2021-01-01","12:30","Tienda","Inversiones");
insert into ingreso values("I009","1020",900.00,"2021-01-07","13:30","Trabajo 1","Trabajo");
insert into ingreso values("I010","1030",1000.00,"2021-01-23","14:30","Suite","Inversiones");
insert into ingreso values("I011","1039",1100.00,"2021-02-12","15:30","Trabajo 1","Trabajo");
insert into ingreso values("I012","1012",1200.00,"2021-02-15","16:30","Trabajo 1","Trabajo");
insert into ingreso values("I013","1013",1300.00,"2021-02-17","17:30","Restaurant","Inversiones");
insert into ingreso values("I014","1014",1400.00,"2021-02-02","18:30","Trabajo 1","Trabajo");
insert into ingreso values("I015","1015",1500.00,"2021-02-01","19:30","departamento","Inversiones");
insert into ingreso values("I016","1012",1600.00,"2021-02-26","8:00","Spa","Inversiones");
insert into ingreso values("I017","1000",1700.00,"2021-02-12","9:00","Trabajo 1","Trabajo");
insert into ingreso values("I018","1020",1800.00,"2021-02-14","10:00","Trabajo 1","Trabajo");
insert into ingreso values("I019","1000",1900.00,"2021-02-07","11:00","Casa","Inversiones");
insert into ingreso values("I020","1010",2000.00,"2021-02-19","12:00","Trabajo 1","Trabajo");
insert into ingreso values("I021","1009",100.00,"2021-01-05","11:45","Trabajo 1","Trabajo");
insert into ingreso values("I022","1008",200.00,"2021-01-25","12:45","trabajo 2","Trabajo");
insert into ingreso values("I023","1007",300.00,"2021-01-12","13:45","Bitcoin","Inversiones");
insert into ingreso values("I024","1003",400.00,"2021-01-11","14:45","Trabajo 1","Trabajo");
insert into ingreso values("I025","1002",500.00,"2021-01-15","15:45","Bodega","Inversiones");
insert into ingreso values("I027","1010",700.00,"2021-01-17","11:30","Trabajo 1","Trabajo");
insert into ingreso values("I028","1000",800.00,"2021-01-01","12:30","Tienda","Inversiones");
insert into ingreso values("I029","1013",900.00,"2021-01-07","13:30","Trabajo 1","Trabajo");
insert into ingreso values("I030","1012",1000.00,"2021-01-23","14:30","Suite","Inversiones");
insert into ingreso values("I031","1015",1100.00,"2021-02-12","15:30","Trabajo 1","Trabajo");
insert into ingreso values("I032","1016",1200.00,"2021-02-15","16:30","Trabajo 1","Trabajo");
insert into ingreso values("I033","1017",1300.00,"2021-02-17","17:30","Restaurant","Inversiones");
insert into ingreso values("I034","1039",1400.00,"2021-02-02","18:30","Trabajo 1","Trabajo");
insert into ingreso values("I035","1027",1500.00,"2021-02-01","19:30","departamento","Inversiones");
insert into ingreso values("I036","1026",1600.00,"2021-02-26","8:00","Spa","Inversiones");
insert into ingreso values("I037","1025",1700.00,"2021-02-12","9:00","Trabajo 1","Trabajo");
insert into ingreso values("I038","1020",1800.00,"2021-02-14","10:00","Trabajo 1","Trabajo");
insert into ingreso values("I039","1000",1900.00,"2021-02-07","11:00","Casa","Inversiones");
insert into ingreso values("I040","1000",2000.00,"2021-02-19","12:00","Trabajo 1","Trabajo");

insert into gasto values("G001","1039",1000.00,"2021-01-11","09:00","Supermercado","Personal");
insert into gasto values("G002","1025",1000.00, "2021-02-12" ,"10:00","Seminario","Profesional");
insert into gasto values("G003","1000",1000.00,"2021-01-16","11:00","Colegiatura","Personal");
insert into gasto values("G004","1020",1000.00,"2021-01-11","12:00","Cine","Personal");
insert into gasto values("G005","1030",1000.00,"2021-02-12","13:00","tienda","Personal");
insert into gasto values("G006","1029",1000.00,"2021-01-16","14:00","Supermercado","Personal");
insert into gasto values("G007","1019",1000.00,"2021-01-11","15:00","Colegiatura","Personal");
insert into gasto values("G008","1009",1000.00,"2021-02-12","16:00","Cursos","Profesional");
insert into gasto values("G009","1010",1000.00,"2021-01-16","17:00","CursoOnline","Profesional");
insert into gasto values("G010","1020",1000.00,"2021-01-11","18:00","Cine","Personal");
insert into gasto values("G011","1002",1000.00,"2021-01-11","19:00","Supermercado","Personal");
insert into gasto values("G012","1001",1000.00,"2021-01-16","20:00","Taller","Profesional");
insert into gasto values("G013","1003",1000.00,"2021-01-15","11:00","Colegiatura","Personal");
insert into gasto values("G014","1004",1000.00,"2021-01-17","12:00","Tienda","Personal");
insert into gasto values("G015","1015",1000.00,"2021-01-21","13:00","Cine","Personal");
insert into gasto values("G016","1017",1000.00,"2021-01-19","14:00","Conferencia","Profesional");
insert into gasto values("G017","1018",1000.00,"2021-01-16","15:00","Supermercado","Personal");
insert into gasto values("G018","1020",1000.00,"2021-01-06","11:00","Cine","Personal");
insert into gasto values("G019","1021",1000.00,"2021-01-14","12:00","Cine","Personal");
insert into gasto values("G020","1002",1000.00,"2021-01-12","13:00","Cursos","Profesional");
insert into gasto values("G021","1039",1000.00,"2021-01-11","09:00","Supermercado","Personal");
insert into gasto values("G022","1025",1000.00, "2021-02-12" ,"10:00","Seminario","Profesional");
insert into gasto values("G023","1000",1000.00,"2021-01-16","11:00","Colegiatura","Personal");
insert into gasto values("G024","1020",1000.00,"2021-01-11","12:00","Cine","Personal");
insert into gasto values("G025","1030",1000.00,"2021-02-12","13:00","tienda","Personal");
insert into gasto values("G026","1029",1000.00,"2021-01-16","14:00","Supermercado","Personal");
insert into gasto values("G027","1019",1000.00,"2021-01-11","15:00","Colegiatura","Personal");
insert into gasto values("G028","1009",1000.00,"2021-02-12","16:00","Cursos","Profesional");
insert into gasto values("G029","1010",1000.00,"2021-01-16","17:00","CursoOnline","Profesional");
insert into gasto values("G030","1020",1000.00,"2021-01-11","18:00","Cine","Personal");
insert into gasto values("G031","1002",1000.00,"2021-01-11","19:00","Supermercado","Personal");
insert into gasto values("G032","1001",1000.00,"2021-01-16","20:00","Taller","Profesional");
insert into gasto values("G033","1003",1000.00,"2021-01-15","11:00","Colegiatura","Personal");
insert into gasto values("G034","1004",1000.00,"2021-01-17","12:00","Tienda","Personal");
insert into gasto values("G035","1015",1000.00,"2021-01-21","13:00","Cine","Personal");
insert into gasto values("G036","1017",1000.00,"2021-01-19","14:00","Conferencia","Profesional");
insert into gasto values("G037","1018",1000.00,"2021-01-16","15:00","Supermercado","Personal");
insert into gasto values("G038","1020",1000.00,"2021-01-06","11:00","Cine","Personal");
insert into gasto values("G039","1021",1000.00,"2021-01-14","12:00","Cine","Personal");
insert into gasto values("G040","1002",1000.00,"2021-01-12","13:00","Cursos","Profesional");
