insert into banco values("b001","Banco AA");
insert into banco values("b002","Banco BB");
insert into banco values("b003","Banco CC");
insert into banco values("b004","Banco DD");
insert into banco values("b005","Banco EE");
insert into banco values("b006","Banco FF");
insert into banco values("b007","Banco GG");
insert into banco values("b008","Banco HH");
insert into banco values("b009","Banco II");
insert into banco values("b010","Banco JJ");
insert into banco values("b011","Banco KK");
insert into banco values("b012","Banco LL");
insert into banco values("b013","Banco MM");
insert into banco values("b014","Banco NN");
insert into banco values("b015","Banco OO");
insert into banco values("b016","Banco PP");
insert into banco values("b017","Banco QQ");
insert into banco values("b018","Banco RR");
insert into banco values("b019","Banco SS");
insert into banco values("b020","Banco TT");
insert into banco values("b021","Banco UU");
insert into banco values("b022","Banco VV");
insert into banco values("b023","Banco WW");
insert into banco values("b024","Banco XX");
insert into banco values("b025","Banco YY");
insert into banco values("b026","Banco ZZ");
insert into banco values("b027","Banco AB");
insert into banco values("b028","Banco AC");
insert into banco values("b029","Banco AD");
insert into banco values("b030","Banco AE");
insert into banco values("b031","Banco AE");
insert into banco values("b032","Banco AG");
insert into banco values("b033","Banco AH");
insert into banco values("b034","Banco AI");
insert into banco values("b035","Banco AJ");
insert into banco values("b036","Banco AK");
insert into banco values("b037","Banco AL");
insert into banco values("b038","Banco AM");
insert into banco values("b039","Banco AN");
insert into banco values("b040","Banco AO");

insert into cuenta values("1234560","corriente","b001");
insert into cuenta values("1234561","corriente","b020");
insert into cuenta values("1234562","corriente","b040");
insert into cuenta values("1234563","corriente","b015");
insert into cuenta values("1234564","corriente","b001");
insert into cuenta values("1234565","corriente","b023");
insert into cuenta values("1234566","corriente","b002");
insert into cuenta values("1234567","corriente","b005");
insert into cuenta values("1234568","corriente","b004");
insert into cuenta values("1234569","corriente","b003");
insert into cuenta values("1234570","corriente","b020");
insert into cuenta values("1234571","corriente","b001");
insert into cuenta values("1234572","corriente","b002");
insert into cuenta values("1234573","corriente","b012");
insert into cuenta values("1234574","corriente","b013");
insert into cuenta values("1234575","corriente","b020");
insert into cuenta values("1234576","corriente","b020");
insert into cuenta values("1234577","corriente","b001");
insert into cuenta values("1234578","corriente","b002");
insert into cuenta values("1234579","corriente","b003");
insert into cuenta values("1234580","corriente","b002");
insert into cuenta values("1234581","corriente","b003");
insert into cuenta values("1234582","corriente","b002");
insert into cuenta values("1234583","corriente","b020");
insert into cuenta values("1234584","corriente","b030");
insert into cuenta values("1234585","corriente","b031");
insert into cuenta values("1234586","corriente","b035");
insert into cuenta values("1234587","corriente","b033");
insert into cuenta values("1234588","corriente","b034");
insert into cuenta values("1234589","corriente","b036");
insert into cuenta values("1234590","corriente","b033");
insert into cuenta values("1234591","corriente","b032");
insert into cuenta values("1234592","corriente","b031");
insert into cuenta values("1234593","corriente","b030");
insert into cuenta values("1234594","corriente","b020");
insert into cuenta values("1234595","corriente","b001");
insert into cuenta values("1234596","corriente","b001");
insert into cuenta values("1234597","corriente","b002");
insert into cuenta values("1234598","corriente","b001");
insert into cuenta values("1234599","corriente","b003");

insert into usuario values("1000","1234560","Aarón","112233445","fd@hotmail.com",68);
insert into usuario values("1001","1234561","Abdul","112233445","fdsf@hotmail.com",22);
insert into usuario values("1002","1234562","Abel","112233445", "fds@hotmail.com", 15);
insert into usuario values("1003","1234563","Abelardo","112233445", "gfh@hotmail.com", 20);
insert into usuario values("1004","1234564","Andrés","112233445", "gfg@hotmail.com", 36);
insert into usuario values("1005","1234565","Antony","112233445", "sadsda@hotmail.com",40);
insert into usuario values("1006","1234566","Antonio","112233445", "dfgf@hotmail.com",40);
insert into usuario values("1007","1234567","Armando","112233445", "bvb@hotmail.com", 19);
insert into usuario values("1008","1234568","Augusto","112233445", "fdsf@hotmail.com", 28);
insert into usuario values("1009","1234569","Aurelio","112233445", "sdf@hotmail.com", 19);
insert into usuario values("1010","1234570","Aarón","112233445","htrh@hotmail.com",28);
insert into usuario values("1011","1234571","Abdul","112233445","dfg@hotmail.com",38);
insert into usuario values("1012","1234572","Abel","112233445", "fdggfd@hotmail.com", 68);
insert into usuario values("1013","1234573","Abelardo","112233445", "gdfg@hotmail.com", 68);
insert into usuario values("1014","1234574","Andrés","112233445", "sdfs@hotmail.com", 68);
insert into usuario values("1015","1234575","Angel","112233445", "sfdf@hotmail.com", 68);
insert into usuario values("1016","1234576","Antonio","112233445", "fsdf@hotmail.com", 68);
insert into usuario values("1017","1234577","Armando","112233445", "vcb@hotmail.com", 68);
insert into usuario values("1018","1234578","Augusto","112233445", "ewrwef@hotmail.com", 68);
insert into usuario values("1019","1234579","Aurelio","112233445", "fsdf@hotmail.com", 68);
insert into usuario values("1020","1234580","Aarón","112233445","fsdf@hotmail.com",68);
insert into usuario values("1021","1234581","Abdul","112233445","fdsdff@hotmail.com",68);
insert into usuario values("1022","1234582","Abel","112233445", "fsdf@hotmail.com", 68);
insert into usuario values("1023","1234583","Abelardo","112233445", "fsdfsd@hotmail.com", 68);
insert into usuario values("1024","1234584","Andrés","112233445", "fsdf@hotmail.com", 68);
insert into usuario values("1025","1234585","Angel","112233445", "bb@hotmail.com", 68);
insert into usuario values("1026","1234586","Antonio","112233445", "ncn@hotmail.com", 68);
insert into usuario values("1027","1234587","Armando","112233445", "nhhng@hotmail.com", 68);
insert into usuario values("1028","1234588","Augusto","112233445", "fsdff@hotmail.com", 68);
insert into usuario values("1029","1234589","Aurelio","112233445", "wqewqe@hotmail.com", 68);
insert into usuario values("1030","1234590","Aarón","112233445","dfgf@hotmail.com",68);
insert into usuario values("1031","1234591","Abdul","112233445","fgd@hotmail.com",68);
insert into usuario values("1032","1234592","Abel","112233445", "gfgd@hotmail.com", 68);
insert into usuario values("1033","1234593","Abelardo","112233445", "sdfgfb@hotmail.com", 68);
insert into usuario values("1034","1234594","Andrés","112233445", "sdff@hotmail.com", 68);
insert into usuario values("1035","1234595","Angel","112233445", "sdfd@hotmail.com", 68);
insert into usuario values("1036","1234596","Antonio","112233445", "dsfsdf@hotmail.com", 68);
insert into usuario values("1037","1234597","Armando","112233445", "fdgdfg@hotmail.com", 68);
insert into usuario values("1038","1234598","Augusto","112233445", "fdg@hotmail.com", 68);
insert into usuario values("1039","1234599","Aurelio","112233445", "gfdg@hotmail.com", 68);

insert into deuda values("D1","1000",200.00,18,12,"Banco");
insert into deuda values("D2","1001",250.00,20,2,"PrestamoPersonal");
insert into deuda values("D3","1002",300.00,0,1,"PrestamoPersonal");
insert into deuda values("D4","1003",400.00,18,24,"Banco");
insert into deuda values("D5","1004",450.00,18,36,"Banco");
insert into deuda values("D6","1004",515.00,30,3,"PrestamoPersonal");
insert into deuda values("D7","1012",580.00,0,1,"PrestamoPersonal");
insert into deuda values("D8","1013",645.00,18,12,"Banco");
insert into deuda values("D9","1014",710.00,120,1,"PrestamoPersonal");
insert into deuda values("D10","1010",775.00,18,12,"Banco");
insert into deuda values("D11","1015",840.00,18,24,"Banco");
insert into deuda values("D12","1020",905.00,18,36,"Banco");
insert into deuda values("D13","1021",970.00,18,24,"Banco");
insert into deuda values("D14","1023",1035.00,0,1,"PrestamoPersonal");
insert into deuda values("D15","1001",1100.00,18,12,"Banco");
insert into deuda values("D16","1002",1165.00,0,1,"PrestamoPersonal");
insert into deuda values("D17","1003",1230.00,18,12,"Banco");
insert into deuda values("D18","1004",1295.00,0,1,"PrestamoPersonal");
insert into deuda values("D19","1004",1360.00,0,1,"PrestamoPersonal");
insert into deuda values("D20","1006",1425.00,18,12,"Banco");
insert into deuda values("D21","1030",200.00,18,12,"Banco");
insert into deuda values("D22","1031",250.00,20,2,"PrestamoPersonal");
insert into deuda values("D23","1032",300.00,0,1,"PrestamoPersonal");
insert into deuda values("D24","1033",400.00,18,24,"Banco");
insert into deuda values("D25","1034",450.00,18,36,"Banco");
insert into deuda values("D26","1035",515.00,30,3,"PrestamoPersonal");
insert into deuda values("D27","1036",580.00,0,1,"PrestamoPersonal");
insert into deuda values("D28","1001",645.00,18,12,"Banco");
insert into deuda values("D29","1002",710.00,120,1,"PrestamoPersonal");
insert into deuda values("D30","1003",775.00,18,12,"Banco");
insert into deuda values("D31","1004",840.00,18,24,"Banco");
insert into deuda values("D32","1011",905.00,18,36,"Banco");
insert into deuda values("D33","1012",970.00,18,24,"Banco");
insert into deuda values("D34","1013",1035.00,0,1,"PrestamoPersonal");
insert into deuda values("D35","1017",1100.00,18,12,"Banco");
insert into deuda values("D36","1018",1165.00,0,1,"PrestamoPersonal");
insert into deuda values("D37","1019",1230.00,18,12,"Banco");
insert into deuda values("D38","1020",1295.00,0,1,"PrestamoPersonal");
insert into deuda values("D39","1001",1360.00,0,1,"PrestamoPersonal");
insert into deuda values("D40","1025",1425.00,18,12,"Banco");

insert into presupuesto values("P1","1000",200.00,"Mensual","Banco");
insert into presupuesto values("P2","1001",250.00,"Mensual","PrestamoPersonal");
insert into presupuesto values("P3","1002",300.00,"Anual","PrestamoPersonal");
insert into presupuesto values("P4","1003",400.00,"Mensual","Banco");
insert into presupuesto values("P5","1004",450.00,"Anual","Banco");
insert into presupuesto values("P6","1004",515.00,"Anual","PrestamoPersonal");
insert into presupuesto values("P7","1012",580.00,"Mensual","PrestamoPersonal");
insert into presupuesto values("P8","1013",645.00,"Anual","Banco");
insert into presupuesto values("P9","1014",710.00,"Mensual","PrestamoPersonal");
insert into presupuesto values("P10","1010",775.00,"Mensual","Banco");
insert into presupuesto values("P11","1015",840.00,"Mensual","Banco");
insert into presupuesto values("P12","1020",905.00,"Anual","Banco");
insert into presupuesto values("P13","1021",970.00,"Mensual","Banco");
insert into presupuesto values("P14","1023",1035.00,"Anual","PrestamoPersonal");
insert into presupuesto values("P15","1001",1100.00,"Anual","Banco");
insert into presupuesto values("P16","1002",1165.00,"Mensual","PrestamoPersonal");
insert into presupuesto values("P18","1004",1295.00,"Mensual","PrestamoPersonal");
insert into presupuesto values("P19","1005",1360.00,"Mensual","PrestamoPersonal");
insert into presupuesto values("P20","1006",1425.00,"Mensual","Banco");
insert into presupuesto values("P21","1030",200.00,"Mensual","Banco");
insert into presupuesto values("P22","1031",250.00,"Mensual","PrestamoPersonal");
insert into presupuesto values("P23","1032",300.00,"Anual","PrestamoPersonal");
insert into presupuesto values("P24","1033",400.00,"Anual","Banco");
insert into presupuesto values("P25","1034",450.00,"Anual","Banco");
insert into presupuesto values("P26","1035",515.00,"Mensual","PrestamoPersonal");
insert into presupuesto values("P27","1036",580.00,"Mensual","PrestamoPersonal");
insert into presupuesto values("P28","1001",645.00,"Mensual","Banco");
insert into presupuesto values("P29","1002",710.00,"Mensual","PrestamoPersonal");
insert into presupuesto values("P30","1003",775.00,"Mensual","Banco");
insert into presupuesto values("P31","1004",840.00,"Anual","Banco");
insert into presupuesto values("P32","1011",905.00,"Anual","Banco");
insert into presupuesto values("P33","1012",970.00,"Anual","Banco");
insert into presupuesto values("P34","1013",1035.00,"Anual","PrestamoPersonal");
insert into presupuesto values("P35","1017",1100.00,"Mensual","Banco");
insert into presupuesto values("P36","1018",1165.00,"Mensual","PrestamoPersonal");
insert into presupuesto values("P38","1020",1295.00,"Mensual","PrestamoPersonal");
insert into presupuesto values("P39","1001",1360.00,"Mensual","PrestamoPersonal");
insert into presupuesto values("P40","1025",1425.00,"Mensual","Banco");

insert into respaldo values("resp001","1000",1234560,"2021-01-01","2021-12-31","Nube");
insert into respaldo values("resp002","1001",1234561,"2021-01-01","2021-12-31","Local");
insert into respaldo values("resp003","1002",1234562,"2021-01-01","2021-12-31","Local");
insert into respaldo values("resp004","1003",1234563,"2021-01-01","2021-12-31","Nube");
insert into respaldo values("resp005","1004",1234564,"2021-01-01","2021-12-31","Local");
insert into respaldo values("resp007","1006",1234566,"2021-01-01","2021-12-31","Nube");
insert into respaldo values("resp008","1007",1234567,"2021-01-01","2021-12-31","Local");
insert into respaldo values("resp009","1008",1234568,"2021-01-01","2021-12-31","Local");
insert into respaldo values("resp010","1009",1234569,"2021-01-01","2021-12-31","Nube");
insert into respaldo values("resp011","1010",1234570,"2021-01-01","2021-12-31","Local");
insert into respaldo values("resp012","1011",1234571,"2021-01-01","2021-12-31","Nube");
insert into respaldo values("resp013","1012",1234572,"2021-01-01","2021-12-31","Local");
insert into respaldo values("resp014","1013",1234573,"2021-01-01","2021-12-31","Nube");
insert into respaldo values("resp015","1014",1234574,"2021-01-01","2021-12-31","Nube");
insert into respaldo values("resp016","1015",1234575,"2021-01-01","2021-12-31","Nube");
insert into respaldo values("resp017","1016",1234576,"2021-01-01","2021-12-31","Local");
insert into respaldo values("resp018","1017",1234577,"2021-01-01","2021-12-31","Nube");
insert into respaldo values("resp019","1018",1234578,"2021-01-01","2021-12-31","Local");
insert into respaldo values("resp020","1019",1234579,"2021-01-01","2021-12-31","Nube");
insert into respaldo values("resp021","1000",1234560,"2021-01-01","2021-12-31","Nube");
insert into respaldo values("resp022","1001",1234561,"2021-01-01","2021-12-31","Local");
insert into respaldo values("resp023","1002",1234562,"2021-01-01","2021-12-31","Local");
insert into respaldo values("resp024","1003",1234563,"2021-01-01","2021-12-31","Nube");
insert into respaldo values("resp025","1004",1234564,"2021-01-01","2021-12-31","Local");
insert into respaldo values("resp026","1005",1234565,"2021-01-01","2021-12-31","Local");
insert into respaldo values("resp027","1006",1234566,"2021-01-01","2021-12-31","Nube");
insert into respaldo values("resp028","1007",1234567,"2021-01-01","2021-12-31","Local");
insert into respaldo values("resp029","1008",1234568,"2021-01-01","2021-12-31","Local");
insert into respaldo values("resp030","1009",1234569,"2021-01-01","2021-12-31","Nube");
insert into respaldo values("resp031","1010",1234570,"2021-01-01","2021-12-31","Local");
insert into respaldo values("resp032","1011",1234571,"2021-01-01","2021-12-31","Nube");
insert into respaldo values("resp033","1012",1234572,"2021-01-01","2021-12-31","Local");
insert into respaldo values("resp034","1013",1234573,"2021-01-01","2021-12-31","Nube");
insert into respaldo values("resp035","1014",1234574,"2021-01-01","2021-12-31","Nube");
insert into respaldo values("resp036","1015",1234575,"2021-01-01","2021-12-31","Nube");
insert into respaldo values("resp037","1016",1234576,"2021-01-01","2021-12-31","Local");
insert into respaldo values("resp038","1017",1234577,"2021-01-01","2021-12-31","Nube");
insert into respaldo values("resp039","1018",1234578,"2021-01-01","2021-12-31","Local");
insert into respaldo values("resp040","1019",1234579,"2021-01-01","2021-12-31","Nube");

insert into ingreso values("i01","1039",100.00,"2021-01-05","11:45","Trabajo 1","Trabajo");
insert into ingreso values("i02","1002",200.00,"2021-01-25","12:45","trabajo 2","Trabajo");
insert into ingreso values("i03","1003",300.00,"2021-01-12","13:45","Bitcoin","Inversiones");
insert into ingreso values("i05","1001",500.00,"2021-01-15","15:45","Bodega","Inversiones");
insert into ingreso values("i06","1025",600.00,"2021-01-24","10:30","Trabajo 1","Trabajo");
insert into ingreso values("i07","1003",700.00,"2021-01-17","11:30","Trabajo 1","Trabajo");
insert into ingreso values("i08","1010",800.00,"2021-01-01","12:30","Tienda","Inversiones");
insert into ingreso values("i09","1020",900.00,"2021-01-07","13:30","Trabajo 1","Trabajo");
insert into ingreso values("i10","1030",1000.00,"2021-01-23","14:30","Suite","Inversiones");
insert into ingreso values("i11","1039",1100.00,"2021-02-12","15:30","Trabajo 1","Trabajo");
insert into ingreso values("i12","1012",1200.00,"2021-02-15","16:30","Trabajo 1","Trabajo");
insert into ingreso values("i13","1013",1300.00,"2021-02-17","17:30","Restaurant","Inversiones");
insert into ingreso values("i14","1014",1400.00,"2021-02-02","18:30","Trabajo 1","Trabajo");
insert into ingreso values("i15","1015",1500.00,"2021-02-01","19:30","departamento","Inversiones");
insert into ingreso values("i16","1012",1600.00,"2021-02-26","8:00","Spa","Inversiones");
insert into ingreso values("i17","1000",1700.00,"2021-02-12","9:00","Trabajo 1","Trabajo");
insert into ingreso values("i18","1020",1800.00,"2021-02-14","10:00","Trabajo 1","Trabajo");
insert into ingreso values("i19","1000",1900.00,"2021-02-07","11:00","Casa","Inversiones");
insert into ingreso values("i20","1010",2000.00,"2021-02-19","12:00","Trabajo 1","Trabajo");
insert into ingreso values("i21","1009",100.00,"2021-01-05","11:45","Trabajo 1","Trabajo");
insert into ingreso values("i22","1008",200.00,"2021-01-25","12:45","trabajo 2","Trabajo");
insert into ingreso values("i23","1007",300.00,"2021-01-12","13:45","Bitcoin","Inversiones");
insert into ingreso values("i24","1003",400.00,"2021-01-11","14:45","Trabajo 1","Trabajo");
insert into ingreso values("i25","1002",500.00,"2021-01-15","15:45","Bodega","Inversiones");
insert into ingreso values("i27","1010",700.00,"2021-01-17","11:30","Trabajo 1","Trabajo");
insert into ingreso values("i28","1000",800.00,"2021-01-01","12:30","Tienda","Inversiones");
insert into ingreso values("i29","1013",900.00,"2021-01-07","13:30","Trabajo 1","Trabajo");
insert into ingreso values("i20","1012",1000.00,"2021-01-23","14:30","Suite","Inversiones");
insert into ingreso values("i31","1015",1100.00,"2021-02-12","15:30","Trabajo 1","Trabajo");
insert into ingreso values("i32","1016",1200.00,"2021-02-15","16:30","Trabajo 1","Trabajo");
insert into ingreso values("i33","1017",1300.00,"2021-02-17","17:30","Restaurant","Inversiones");
insert into ingreso values("i34","1039",1400.00,"2021-02-02","18:30","Trabajo 1","Trabajo");
insert into ingreso values("i35","1027",1500.00,"2021-02-01","19:30","departamento","Inversiones");
insert into ingreso values("i36","1026",1600.00,"2021-02-26","8:00","Spa","Inversiones");
insert into ingreso values("i37","1025",1700.00,"2021-02-12","9:00","Trabajo 1","Trabajo");
insert into ingreso values("i38","1020",1800.00,"2021-02-14","10:00","Trabajo 1","Trabajo");
insert into ingreso values("i39","1000",1900.00,"2021-02-07","11:00","Casa","Inversiones");
insert into ingreso values("i40","1000",2000.00,"2021-02-19","12:00","Trabajo 1","Trabajo");

insert into gasto values("g1","1039",1000.00,"2021-01-11","09:00","Supermercado","Personal");
insert into gasto values("g2","1025",1000.00, "2021-02-12" ,"10:00","Seminario","Profesional");
insert into gasto values("g3","1000",1000.00,"2021-01-16","11:00","Colegiatura","Personal");
insert into gasto values("g4","1020",1000.00,"2021-01-11","12:00","Cine","Personal");
insert into gasto values("g5","1030",1000.00,"2021-02-12","13:00","tienda","Personal");
insert into gasto values("g6","1029",1000.00,"2021-01-16","14:00","Supermercado","Personal");
insert into gasto values("g7","1019",1000.00,"2021-01-11","15:00","Colegiatura","Personal");
insert into gasto values("g8","1009",1000.00,"2021-02-12","16:00","Cursos","Profesional");
insert into gasto values("g9","1010",1000.00,"2021-01-16","17:00","CursoOnline","Profesional");
insert into gasto values("g10","1020",1000.00,"2021-01-11","18:00","Cine","Personal");
insert into gasto values("g11","1002",1000.00,"2021-01-11","19:00","Supermercado","Personal");
insert into gasto values("g12","1001",1000.00,"2021-01-16","20:00","Taller","Profesional");
insert into gasto values("g13","1003",1000.00,"2021-01-15","11:00","Colegiatura","Personal");
insert into gasto values("g14","1004",1000.00,"2021-01-17","12:00","Tienda","Personal");
insert into gasto values("g15","1015",1000.00,"2021-01-21","13:00","Cine","Personal");
insert into gasto values("g16","1017",1000.00,"2021-01-19","14:00","Conferencia","Profesional");
insert into gasto values("g17","1018",1000.00,"2021-01-16","15:00","Supermercado","Personal");
insert into gasto values("g18","1020",1000.00,"2021-01-06","11:00","Cine","Personal");
insert into gasto values("g19","1021",1000.00,"2021-01-14","12:00","Cine","Personal");
insert into gasto values("g20","1002",1000.00,"2021-01-12","13:00","Cursos","Profesional");
insert into gasto values("g21","1039",1000.00,"2021-01-11","09:00","Supermercado","Personal");
insert into gasto values("g22","1025",1000.00, "2021-02-12" ,"10:00","Seminario","Profesional");
insert into gasto values("g23","1000",1000.00,"2021-01-16","11:00","Colegiatura","Personal");
insert into gasto values("g24","1020",1000.00,"2021-01-11","12:00","Cine","Personal");
insert into gasto values("g25","1030",1000.00,"2021-02-12","13:00","tienda","Personal");
insert into gasto values("g26","1029",1000.00,"2021-01-16","14:00","Supermercado","Personal");
insert into gasto values("g27","1019",1000.00,"2021-01-11","15:00","Colegiatura","Personal");
insert into gasto values("g28","1009",1000.00,"2021-02-12","16:00","Cursos","Profesional");
insert into gasto values("g29","1010",1000.00,"2021-01-16","17:00","CursoOnline","Profesional");
insert into gasto values("g30","1020",1000.00,"2021-01-11","18:00","Cine","Personal");
insert into gasto values("g31","1002",1000.00,"2021-01-11","19:00","Supermercado","Personal");
insert into gasto values("g32","1001",1000.00,"2021-01-16","20:00","Taller","Profesional");
insert into gasto values("g33","1003",1000.00,"2021-01-15","11:00","Colegiatura","Personal");
insert into gasto values("g34","1004",1000.00,"2021-01-17","12:00","Tienda","Personal");
insert into gasto values("g35","1015",1000.00,"2021-01-21","13:00","Cine","Personal");
insert into gasto values("g36","1017",1000.00,"2021-01-19","14:00","Conferencia","Profesional");
insert into gasto values("g37","1018",1000.00,"2021-01-16","15:00","Supermercado","Personal");
insert into gasto values("g38","1020",1000.00,"2021-01-06","11:00","Cine","Personal");
insert into gasto values("g39","1021",1000.00,"2021-01-14","12:00","Cine","Personal");
insert into gasto values("g40","1002",1000.00,"2021-01-12","13:00","Cursos","Profesional");


