insert into Administrador values("ad001","Aarón",68,"M");
insert into Administrador values("ad002","Abdul",45,"M");
insert into Administrador values("ad003","Abel",35,"M");
insert into Administrador values("ad004","Abelardo",69,"M");
insert into Administrador values("ad005","Andrés",45,"M");
insert into Administrador values("ad006","Angel",35,"M");
insert into Administrador values("ad007","Antonio",64,"M");
insert into Administrador values("ad008","Armando",45,"M");
insert into Administrador values("ad009","Augusto",24,"M");
insert into Administrador values("ad010","Aurelio",35,"M");
insert into Administrador values("ad011","Baltazar",44,"M");
insert into Administrador values("ad012","Bartolomé",25,"M");
insert into Administrador values("ad013","Benjamín",34,"M");
insert into Administrador values("ad014","Bernarndo",33,"M");
insert into Administrador values("ad015","Braulio",44,"M");
insert into Administrador values("ad016","Brian",22,"M");
insert into Administrador values("ad017","Bruno",42,"M");
insert into Administrador values("ad018","Caín",34,"M");
insert into Administrador values("ad019","Camilo",56,"M");
insert into Administrador values("ad020","Carlos",35,"M");

insert into Cuenta values("1234560","1000","112233445","Aarón1@hotmail.com");
insert into Cuenta values("1234561","1001","112233446","Abdul1@hotmail.com");
insert into Cuenta values("1234562","1002","112233447","Abel1@hotmail.com");
insert into Cuenta values("1234563","1003","112233448","Abelardo1@hotmail.com");
insert into Cuenta values("1234564","1004","112233449","Andrés1@hotmail.com");
insert into Cuenta values("1234565","1005","112233450","Angel1@hotmail.com");
insert into Cuenta values("1234566","1006","112233451","Antonio1@hotmail.com");
insert into Cuenta values("1234567","1007","112233452","Armando1@hotmail.com");
insert into Cuenta values("1234568","1008","112233453","Augusto1@hotmail.com");
insert into Cuenta values("1234569","1009","112233454","Aurelio1@hotmail.com");
insert into Cuenta values("1234570","1010","112233455","Baltazar1@hotmail.com");
insert into Cuenta values("1234571","1011","112233456","Bartolomé1@hotmail.com");
insert into Cuenta values("1234572","1012","112233457","Benjamín1@hotmail.com");
insert into Cuenta values("1234573","1013","112233458","Bernarndo1@hotmail.com");
insert into Cuenta values("1234574","1014","112233459","Braulio1@hotmail.com");
insert into Cuenta values("1234575","1015","112233460","Brian1@hotmail.com");
insert into Cuenta values("1234576","1016","112233461","Bruno1@hotmail.com");
insert into Cuenta values("1234577","1017","112233462","Caín1@hotmail.com");
insert into Cuenta values("1234578","1018","112233463","Camilo1@hotmail.com");
insert into Cuenta values("1234579","1019","112233464","Carlos1@hotmail.com");

insert into Deuda values("D1","ad001","1234560","Banco",200.00,18,12);
insert into Deuda values("D2","ad002","1234561","PrestamoPersonal",250.00,20,2);
insert into Deuda values("D3","ad003","1234562","PrestamoPersonal",300.00,0,1);
insert into Deuda values("D4","ad004","1234563","Banco",400.00,18,24);
insert into Deuda values("D5","ad005","1234564","Banco",450.00,18,36);
insert into Deuda values("D6","ad006","1234565","PrestamoPersonal",515.00,30,3);
insert into Deuda values("D7","ad007","1234566","PrestamoPersonal",580.00,0,1);
insert into Deuda values("D8","ad008","1234567","Banco",645.00,18,12);
insert into Deuda values("D9","ad009","1234568","PrestamoPersonal",710.00,120,1);
insert into Deuda values("D10","ad010","1234569","Banco",775.00,18,12);
insert into Deuda values("D11","ad011","1234570","Banco",840.00,18,24);
insert into Deuda values("D12","ad012","1234571","Banco",905.00,18,36);
insert into Deuda values("D13","ad013","1234572","Banco",970.00,18,24);
insert into Deuda values("D14","ad014","1234573","PrestamoPersonal",1035.00,0,1);
insert into Deuda values("D15","ad015","1234574","Banco",1100.00,18,12);
insert into Deuda values("D16","ad016","1234575","PrestamoPersonal",1165.00,0,1);
insert into Deuda values("D17","ad017","1234576","Banco",1230.00,18,12);
insert into Deuda values("D18","ad018","1234577","PrestamoPersonal",1295.00,0,1);
insert into Deuda values("D19","ad019","1234578","PrestamoPersonal",1360.00,0,1);
insert into Deuda values("D20","ad020","1234579","Banco",1425.00,18,12);

insert into Gastos values("G1","1234560","alimentación",1000.00,"2021-01-11","09:00","Supermercado","Personal");
insert into Gastos values("G2","1234561","educacion", 1000.00, "2021-02-12" ,"10:00","Seminario","Profesional");
insert into Gastos values("G3","1234562","formacion",1000.00,"2021-01-16","11:00","Colegiatura","Personal");
insert into Gastos values("G4","1234563","ocio",1000.00,"2021-01-11","12:00","Cine","Personal");
insert into Gastos values("G5","1234564","varios",1000.00,"2021-02-12","13:00","tienda","Personal");
insert into Gastos values("G6","1234565","alimentación",1000.00,"2021-01-16","14:00","Supermercado","Personal");
insert into Gastos values("G7","1234566","formacion",1000.00,"2021-01-11","15:00","Colegiatura","Personal");
insert into Gastos values("G8","1234567","educacion",1000.00,"2021-02-12","16:00","Cursos","Profesional");
insert into Gastos values("G9","1234568","formacion",1000.00,"2021-01-16","17:00","CursoOnline","Profesional");
insert into Gastos values("G10","1234569","ocio",1000.00,"2021-01-11","18:00","Cine","Personal");
insert into Gastos values("G11","1234570","alimentación",1000.00,"2021-01-11","19:00","Supermercado","Personal");
insert into Gastos values("G12","1234571","educacion",1000.00,"2021-01-16","20:00","Taller","Profesional");
insert into Gastos values("G13","1234572","formacion",1000.00,"2021-01-15","11:00","Colegiatura","Personal");
insert into Gastos values("G14","1234573","alimentación",1000.00,"2021-01-17","12:00","Tienda","Personal");
insert into Gastos values("G15","1234574","ocio",1000.00,"2021-01-21","13:00","Cine","Personal");
insert into Gastos values("G16","1234575","educacion",1000.00,"2021-01-19","14:00","Conferencia","Profesional");
insert into Gastos values("G17","1234576","alimentación",1000.00,"2021-01-16","15:00","Supermercado","Personal");
insert into Gastos values("G18","1234577","ocio",1000.00,"2021-01-06","11:00","Cine","Personal");
insert into Gastos values("G19","1234578","ocio",1000.00,"2021-01-14","12:00","Cine","Personal");
insert into Gastos values("G20","1234579","educacion",1000.00,"2021-01-12","13:00","Cursos","Profesional");

insert into Ingresos values("i01","1234560","Salario",100.00,"2021-01-05","11:45","Trabajo 1","Trabajo");
insert into Ingresos values("i02","1234561","Salario",200.00,"2021-01-25","12:45","trabajo 2","Trabajo");
insert into Ingresos values("i03","1234562","Negocios",300.00,"2021-01-12","13:45","Bitcoin","Inversiones");
insert into Ingresos values("i04","1234563","Salario",400.00,"2021-01-11","14:45","Trabajo 1","Trabajo");
insert into Ingresos values("i05","1234564","Rentas",500.00,"2021-01-15","15:45","Bodega","Inversiones");
insert into Ingresos values("i06","1234565","Salario",600.00,"2021-01-24","10:30","Trabajo 1","Trabajo");
insert into Ingresos values("i07","1234566","Salario",700.00,"2021-01-17","11:30","Trabajo 1","Trabajo");
insert into Ingresos values("i08","1234567","Negocios",800.00,"2021-01-01","12:30","Tienda","Inversiones");
insert into Ingresos values("i09","1234568","Salario",900.00,"2021-01-07","13:30","Trabajo 1","Trabajo");
insert into Ingresos values("i10","1234569","Rentas",1000.00,"2021-01-23","14:30","Suite","Inversiones");
insert into Ingresos values("i11","1234570","Salario",1100.00,"2021-02-12","15:30","Trabajo 1","Trabajo");
insert into Ingresos values("i12","1234571","Salario",1200.00,"2021-02-15","16:30","Trabajo 1","Trabajo");
insert into Ingresos values("i13","1234572","Negocios",1300.00,"2021-02-17","17:30","Restaurant","Inversiones");
insert into Ingresos values("i14","1234573","Salario",1400.00,"2021-02-02","18:30","Trabajo 1","Trabajo");
insert into Ingresos values("i15","1234574","Rentas",1500.00,"2021-02-01","19:30","departamento","Inversiones");
insert into Ingresos values("i16","1234575","Negocios",1600.00,"2021-02-26","8:00","Spa","Inversiones");
insert into Ingresos values("i17","1234576","Salario",1700.00,"2021-02-12","9:00","Trabajo 1","Trabajo");
insert into Ingresos values("i18","1234577","Salario",1800.00,"2021-02-14","10:00","Trabajo 1","Trabajo");
insert into Ingresos values("i19","1234578","Rentas",1900.00,"2021-02-07","11:00","Casa","Inversiones");
insert into Ingresos values("i20","1234579","Salario",2000.00,"2021-02-19","12:00","Trabajo 1","Trabajo");

insert into Presupuesto values("Pres1","ad001",1234560,"Anual",10000.00,"Colegiatura");
insert into Presupuesto values("Pres2","ad002",1234561,"Mensual",600.00,"Alimentación");
insert into Presupuesto values("Pres3","ad003",1234562,"Semanal",100.00,"Ocio");
insert into Presupuesto values("Pres4","ad004",1234563,"Mensual",500.00,"Alimentación");
insert into Presupuesto values("Pres5","ad005",1234564,"Semanal",50.00,"Ocio");
insert into Presupuesto values("Pres6","ad006",1234565,"Anual",9000.00,"Colegiatura");
insert into Presupuesto values("Pres7","ad007",1234566,"Mensual",800.00,"Alimentación");
insert into Presupuesto values("Pres8","ad008",1234567,"Anual",4000.00,"Colegiatura");
insert into Presupuesto values("Pres9","ad009",1234568,"Semanal",60.00,"Ocio");
insert into Presupuesto values("Pres10","ad010",1234569,"Anual",6000.00,"Colegiatura");
insert into Presupuesto values("Pres11","ad011",1234570,"Anual",5000.00,"Colegiatura");
insert into Presupuesto values("Pres12","ad012",1234571,"Semanal",80.00,"Ocio");
insert into Presupuesto values("Pres13","ad013",1234572,"Anual",6000.00,"Colegiatura");
insert into Presupuesto values("Pres14","ad014",1234573,"Mensual",1100.00,"Alimentación");
insert into Presupuesto values("Pres15","ad015",1234574,"Anual",11000.00,"Colegiatura");
insert into Presupuesto values("Pres16","ad016",1234575,"Mensual",400.00,"Alimentación");
insert into Presupuesto values("Pres17","ad017",1234576,"Anual",5000.00,"Colegiatura");
insert into Presupuesto values("Pres18","ad018",1234577,"Anual",9000.00,"Colegiatura");
insert into Presupuesto values("Pres19","ad019",1234578,"Anual",10000.00,"Colegiatura");
insert into Presupuesto values("Pres20","ad020",1234579,"Anual",8000.00,"Colegiatura");

insert into Respaldo values("Resp001","1000","2021-01-01","2021-12-31","Nube");
insert into Respaldo values("Resp002","1001","2021-01-01","2021-12-31","Local");
insert into Respaldo values("resp003","1002","2021-01-01","2021-12-31","Local");
insert into Respaldo values("Resp004","1003","2021-01-01","2021-12-31","Nube");
insert into Respaldo values("Resp005","1004","2021-01-01","2021-12-31","Local");
insert into Respaldo values("Resp006","1005","2021-01-01","2021-12-31","Local");
insert into Respaldo values("Resp007","1006","2021-01-01","2021-12-31","Nube");
insert into Respaldo values("Resp008","1007","2021-01-01","2021-12-31","Local");
insert into Respaldo values("Resp009","1008","2021-01-01","2021-12-31","Local");
insert into Respaldo values("Resp010","1009","2021-01-01","2021-12-31","Nube");
insert into Respaldo values("Resp011","1010","2021-01-01","2021-12-31","Local");
insert into Respaldo values("Resp012","1011","2021-01-01","2021-12-31","Nube");
insert into Respaldo values("Resp013","1012","2021-01-01","2021-12-31","Local");
insert into Respaldo values("Resp014","1013","2021-01-01","2021-12-31","Nube");
insert into Respaldo values("Resp015","1014","2021-01-01","2021-12-31","Nube");
insert into Respaldo values("Resp016","1015","2021-01-01","2021-12-31","Nube");
insert into Respaldo values("Resp017","1016","2021-01-01","2021-12-31","Local");
insert into Respaldo values("Resp018","1017","2021-01-01","2021-12-31","Nube");
insert into Respaldo values("Resp019","1018","2021-01-01","2021-12-31","Local");
insert into Respaldo values("Resp020","1019","2021-01-01","2021-12-31","Nube");

insert into Usuario values("1000","ad001","Aarón",68,"M");
insert into Usuario values("1001","ad002","Abdul",45,"M");
insert into Usuario values("1002","ad003","Abel",35,"M");
insert into Usuario values("1003","ad004","Abelardo",69,"M");
insert into Usuario values("1004","ad005","Andrés",45,"M");
insert into Usuario values("1005","ad006","Angel",35,"M");
insert into Usuario values("1006","ad007","Antonio",64,"M");
insert into Usuario values("1007","ad008","Armando",45,"M");
insert into Usuario values("1008","ad009","Augusto",24,"M");
insert into Usuario values("1009","ad010","Aurelio",35,"M");
insert into Usuario values("1010","ad011","Baltazar",44,"M");
insert into Usuario values("1011","ad012","Bartolomé",25,"M");
insert into Usuario values("1012","ad013","Benjamín",34,"M");
insert into Usuario values("1013","ad014","Bernarndo",33,"M");
insert into Usuario values("1014","ad015","Braulio",44,"M");
insert into Usuario values("1015","ad016","Brian",22,"M");
insert into Usuario values("1016","ad017","Bruno",42,"M");
insert into Usuario values("1017","ad018","Caín",34,"M");
insert into Usuario values("1018","ad019","Camilo",56,"M");
insert into Usuario values("1019","ad020","Carlos",35,"M");

insert into VisualizarBalance values("B1000","1000","2021-01-01","2021-12-31","Gráfico circular");
insert into VisualizarBalance values("B1001","1001","2021-01-01","2021-12-31","Gráfico circular");
insert into VisualizarBalance values("B1002","1002","2021-01-01","2021-12-31","Gráfico sectores");
insert into VisualizarBalance values("B1003","1003","2021-01-01","2021-12-31","Gráfico sectores");
insert into VisualizarBalance values("B1004","1004","2021-01-01","2021-12-31","Gráfico Sectores");
insert into VisualizarBalance values("B1005","1005","2021-01-01","2021-12-31","Gráfico circular");
insert into VisualizarBalance values("B1006","1006","2021-01-01","2021-12-31","Gráfico sectores");
insert into VisualizarBalance values("B1007","1007","2021-01-01","2021-12-31","Gráfico sectores");
insert into VisualizarBalance values("B1008","1008","2021-01-01","2021-12-31","Gráfico circular");
insert into VisualizarBalance values("B1009","1009","2021-01-01","2021-12-31","Gráfico sectores");
insert into VisualizarBalance values("B1010","1010","2021-01-01","2021-12-31","Gráfico sectores");
insert into VisualizarBalance values("B1011","1011","2021-01-01","2021-12-31","Gráfico sectores");
insert into VisualizarBalance values("B1012","1012","2021-01-01","2021-12-31","Gráfico circular");
insert into VisualizarBalance values("B1013","1013","2021-01-01","2021-12-31","Gráfico circular");
insert into VisualizarBalance values("B1014","1014","2021-01-01","2021-12-31","Gráfico circular");
insert into VisualizarBalance values("B1015","1015","2021-01-01","2021-12-31","Gráfico circular");
insert into VisualizarBalance values("B1016","1016","2021-01-01","2021-12-31","Gráfico sectores");
insert into VisualizarBalance values("B1017","1017","2021-01-01","2021-12-31","Gráfico sectores");
insert into VisualizarBalance values("B1018","1018","2021-01-01","2021-12-31","Gráfico circular");
insert into VisualizarBalance values("B1019","1019","2021-01-01","2021-12-31","Gráfico sectores");
insert into VisualizarBalance values("B1020","1020","2021-01-01","2021-12-31","Gráfico circular");